Number of Processes,Checkpointing,Replication
1024,95.94859344,51.53180483
2048,83.53921492,49.74613355
4096,68.55420664,47.77778006
8192,38.08916813,46.76570679
